ref_name	gene	var_only	var_change	group	target
cat_5_U35036	1	0	.	.	CHL
catpC194_1_NC_002013	1	0	.	.	CHL
catpC233_1_AY355285	1	0	.	.	CHL
catQ_1_M55620	1	0	.	.	CHL
mefA_10_AF376746	1	0	.	.	ERY
mefE_AE007317	1	0	.	.	ERY
msrD_2_AF274302	1	0	.	.	ERY
msrD_3_AF227520	1	0	.	.	ERY
23S_NR_076173	0	1	A2061G	.	ERY_CLI
ermB_1_JN899585	1	0	.	.	ERY_CLI
ermB_10_U86375	1	0	.	.	ERY_CLI
ermB_16_X82819	1	0	.	.	ERY_CLI
ermB_20_AF109075	1	0	.	.	ERY_CLI
ermbTr_CP002121	0	0	.	.	ERY_CLI
ermBups_HG799494	0	0	.	.	ERY_CLI
ermC_13_M13761	1	0	.	.	ERY_CLI
gyrA_AE007317	1	1	E85K	.	FQ
gyrA_AE007317	1	1	Q118A	.	FQ
gyrA_AE007317	1	1	S81C	.	FQ
gyrA_AE007317	1	1	S81F	.	FQ
gyrA_AE007317	1	1	S81I	.	FQ
gyrA_AE007317	1	1	S81Y	.	FQ
gyrB_AE007317	1	1	E474K	.	FQ
parC_AE007317	1	1	A63T	.	FQ
parC_AE007317	1	1	D83G	.	FQ
parC_AE007317	1	1	D83N	.	FQ
parC_AE007317	1	1	S79F	.	FQ
parC_AE007317	1	1	S79F	.	FQ
parC_AE007317	1	1	S79L	.	FQ
parC_AE007317	1	1	S79Y	.	FQ
parE_AE007317	1	1	D435H	.	FQ
parE_AE007317	1	1	D435N	.	FQ
parE_AE007317	1	1	E474K	.	FQ
parE_AE007317	1	1	P454S	.	FQ
aph_3prime_III_1_M26832	1	0	.	.	KAN
rpoB_AE007317	1	1	D489E	.	RIF
rpoB_AE007317	1	1	D489N	.	RIF
rpoB_AE007317	1	1	H499N	.	RIF
folP_AE007317	1	1	.	.	SMX
otrA_X53401	1	0	.	.	TET
tet_M74049	1	0	.	.	TET
tet32_AJ295238	1	0	.	.	TET
tet36_AJ514254	1	0	.	.	TET
tet44_FN594949	1	0	.	.	TET
tet58_KY887560	1	0	.	.	TET
tetAp_L20800	1	0	.	.	TET
tetAQ2_Z21523	1	0	.	.	TET
tetBp_L20800	1	0	.	.	TET
tetK_4_U38428	1	0	.	.	TET
tetM_1_X92947	1	0	.	.	TET
tetM_12_FR671418	1	0	.	.	TET
tetM_13_AM990992	1	0	.	.	TET
tetM_2_X90939	1	0	.	.	TET
tetM_4_X75073	1	0	.	.	TET
tetM_5_U58985	1	0	.	.	TET
tetM_8_X04388	1	0	.	.	TET
tetM_M85225	1	0	.	.	TET
tetM_MH283017	1	0	.	.	TET
tetO_Y07780	1	0	.	.	TET
tetS_FN555436	1	0	.	.	TET
tetS_FN555436	1	0	.	.	TET
tetS_M	1	0	.	.	TET
tetS_M_AY534326	1	0	.	.	TET
tetS_M_HM367711	1	0	.	.	TET
tetS_M_MH283012	1	0	.	.	TET
tetT_L42544	1	0	.	.	TET
tetW_AJ222769	1	0	.	.	TET
folA_2_29594_2_181	1	1	I100L	.	TMP
folA_3_29330_2_374	1	1	I100L	.	TMP
folA_4_14410_4_33	1	1	I100L	.	TMP
folA_5_21127_2_117	1	1	I100L	.	TMP
folA_6_28042_2_176	1	1	I100L	.	TMP
folA_7_28790_1_77	1	1	I100L	.	TMP
folA_9_11511_8_37	1	1	I100L	.	TMP
folA_AE007317	1	1	I100L	.	TMP
vanA_M97297	1	0	.	.	VAN
vanB_KC489787	1	0	.	.	VAN
vanC_AF162694	1	0	.	.	VAN
vanD_EU999036	1	0	.	.	VAN
vanE_FJ872411	1	0	.	.	VAN
vanG_KF704242	1	0	.	.	VAN
rrgA_EF560637	1	0	.	.	PILI1
pitB_GU256423	1	0	.	.	PILI2
