reference	coding_yes(1)_no(0)	pr/ab(0)_var(1)	description of the variant	Group	FreeText_Drug
aph_3prime_III_1_M26832	1	0	.	.	Kanamycin resistance
ermB_1_JN899585	1	0	.	.	Erythromycin and Clindamycin resistance
ermB_10_U86375	1	0	.	.	Erythromycin and Clindamycin resistance
ermB_16_X82819	1	0	.	.	Erythromycin and Clindamycin resistance
ermB_20_AF109075	1	0	.	.	Erythromycin and Clindamycin resistance
ermC_13_M13761	1	0	.	.	Erythromycin and Clindamycin resistance
cat_5_U35036	1	0	.	.	Chloramphenicol resistance
catpC194_1_NC_002013	1	0	.	.	Chloramphenicol resistance
catpC233_1_AY355285	1	0	.	.	Chloramphenicol resistance
catQ_1_M55620	1	0	.	.	Chloramphenicol resistance
msrD_2_AF274302	1	0	.	.	Erythromycin resistance
msrD_3_AF227520	1	0	.	.	Erythromycin resistance
mefA_10_AF376746	1	0	.	.	Erythromycin resistance
mefE_AE007317	1	0	.	.	Erythromycin resistance
tetM_1_X92947	1	0	.	.	Tetracycline resistance
tetM_12_FR671418	1	0	.	.	Tetracycline resistance
tetK_4_U38428	1	0	.	.	Tetracycline resistance
tetM_13_AM990992	1	0	.	.	Tetracycline resistance
tetM_2_X90939	1	0	.	.	Tetracycline resistance
tetM_4_X75073	1	0	.	.	Tetracycline resistance
tetM_5_U58985	1	0	.	.	Tetracycline resistance
tetM_8_X04388	1	0	.	.	Tetracycline resistance
tetS_M	1	0	.	.	Tetracycline resistance
tetS_M_MH283012	1	0	.	.	Tetracycline resistance
tetAp_L20800	1	0	.	.	Tetracycline resistance
tetBp_L20800	1	0	.	.	Tetracycline resistance
tetAQ2_Z21523	1	0	.	.	Tetracycline resistance
tetS_FN555436	1	0	.	.	Tetracycline resistance
tetT_L42544	1	0	.	.	Tetracycline resistance
tetW_AJ222769	1	0	.	.	Tetracycline resistance
tet32_AJ295238	1	0	.	.	Tetracycline resistance
tet36_AJ514254	1	0	.	.	Tetracycline resistance
tet44_FN594949	1	0	.	.	Tetracycline resistance
tet58_KY887560	1	0	.	.	Tetracycline resistance
tet_M74049	1	0	.	.	Tetracycline resistance
tetS_M_HM367711	1	0	.	.	Tetracycline resistance
tetS_M_AY534326	1	0	.	.	Tetracycline resistance
tetM_M85225	1	0	.	.	Tetracycline resistance
tetS_FN555436	1	0	.	.	Tetracycline resistance
tetM_MH283017	1	0	.	.	tetracycline resistance
folA_AE007317	1	1	I100L	.	"proteinID-AAL00232.1, Trimethoprim"
folP_AE007317	1	1	.	.	"proteinID-AAK99071.1, Sulfamethoxazole resistance on if insertions in 56-67 amino acids"
gyrA_AE007317	1	1	S81F	.	Fluoroquinolone
gyrA_AE007317	1	1	S81Y	.	Fluoroquinolone
gyrA_AE007317	1	1	S81C	.	Fluoroquinolone
gyrA_AE007317	1	1	S81I	.	Fluoroquinolone
gyrA_AE007317	1	1	E85K	.	Fluoroquinolone
gyrA_AE007317	1	1	Q118A	.	Fluoroquinolone
gyrB_AE007317	1	1	E474K	.	Fluoroquinolone
parC_AE007317	1	1	A63T	.	Fluoroquinolone
parC_AE007317	1	1	S79F	.	Fluoroquinolone
parC_AE007317	1	1	S79Y	.	Fluoroquinolone
parC_AE007317	1	1	S79L	.	Fluoroquinolone
parC_AE007317	1	1	S79F	.	Fluoroquinolone
parC_AE007317	1	1	D83G	.	Fluoroquinolone
parC_AE007317	1	1	D83N	.	Fluoroquinolone
parE_AE007317	1	1	E474K	.	Fluoroquinolone
parE_AE007317	1	1	D435N	.	Fluoroquinolone
parE_AE007317	1	1	D435H	.	Fluoroquinolone
parE_AE007317	1	1	P454S	.	Fluoroquinolone
tetO_Y07780	1	0	.	.	Tetracycline resistance
ermBups_HG799494	0	0	.	.	Erythromycin and Clindamycin resistance
ermbTr_CP002121	0	0	.	.	Erythromycin and Clindamycin resistance
rplD_AE007317	1	1	.	.	Linezolid resistance (deletion within the L4 region of the gene )
rpoB_AE007317	1	1	D489E	.	rifampicin resistance -D415E
rpoB_AE007317	1	1	H499N	.	rifampicin resistance -H425N
rpoB_AE007317	1	1	D489N	.	rifampicin resistance -H415N
vanB_KC489787	1	0	.	.	Vacomycin resistance
vanD_EU999036	1	0	.	.	Vacomycin resistance
vanE_FJ872411	1	0	.	.	Vacomycin resistance
vanG_KF704242	1	0	.	.	Vacomycin resistance
otrA_X53401	1	0	.	.	Tetracycline resistance
vanA_M97297	1	0	.	.	Vacomycin resistance (E.faecium)
vanC_AF162694	1	0	.	.	Vacomycin resistance (E.gallinarum)
23S_NZ_CP018347	0	1	A2114G	.	Macrolide:32347-35250
23S_NZ_CP018347	0	1	A2115G	.	Macrolide:32347-35250
23S_NZ_CP018347	0	1	A2118G	.	Macrolide/Streptogramin:32347-35250
23S_NZ_CP018347	0	1	C2630A	.	Macrolide:32347-35250
23S_NZ_CP018347	0	1	C2630G	.	Macrolide:32347-35250
rrgA_EF560637	1	0	.	.	 Pili-1-(RlrA pilus-1-2279-4939)
pitB_GU256423	1	0	.	.	 Pili-2-(pitB pilus-3504-4736)
